epoch,loss,lr,val_loss
0,558.0922241210938,0.00067000004,1891.177734375
1,527.7213134765625,0.00067000004,1987.257568359375
2,498.3972473144531,0.00067000004,1902.8795166015625
3,484.3522644042969,0.00067000004,2019.533935546875
4,452.9002380371094,0.0004489,1995.39794921875
5,440.24578857421875,0.0004489,2020.579833984375
6,434.9179992675781,0.0004489,2003.676513671875
7,413.4342956542969,0.000300763,2095.8291015625
8,412.0330810546875,0.000300763,2097.4462890625
