epoch,accuracy,loss,val_accuracy,val_loss
0,0.3600800037384033,1.7715826034545898,0.09300000220537186,2.453465223312378
1,0.5256199836730957,1.3169140815734863,0.09300000220537186,3.0177927017211914
