epoch,accuracy,loss,train_acc,train_loss,val_accuracy,val_loss
0,1.0,0.0,1.0,0.0,1.0,0.0
1,1.0,0.0,1.0,0.0,1.0,0.0
2,1.0,0.0,1.0,0.0,1.0,0.0
3,1.0,1.3907747349606314e-11,1.0,0.0,1.0,0.0
4,1.0,0.0,1.0,0.0,1.0,0.0
5,1.0,0.0,1.0,0.0,1.0,0.0
6,1.0,3.973642595522797e-12,1.0,0.0,1.0,0.0
7,1.0,1.9868212977613986e-12,1.0,0.0,1.0,0.0
8,1.0,5.960463893284196e-12,1.0,0.0,1.0,0.0
9,1.0,1.7881389077767373e-11,1.0,0.0,1.0,0.0
