epoch,loss,lr,val_loss
0,7553.83349609375,0.001,4067.658203125
1,2738.81884765625,0.001,2682.80419921875
2,2306.72021484375,0.001,2904.888427734375
3,3228.57275390625,0.001,3169.74853515625
4,2917.436279296875,0.001,3091.9052734375
5,2980.336669921875,0.00090000004,3336.125
6,2957.859130859375,0.00090000004,3301.726318359375
7,2944.433837890625,0.00090000004,3161.8427734375
8,2850.008056640625,0.00081000006,3345.964111328125
9,2644.65185546875,0.00081000006,3366.29736328125
