epoch,loss,lr,val_loss
0,9560.45703125,0.001,8294.2392578125
1,5185.98974609375,0.001,6001.5146484375
2,4478.76904296875,0.001,5961.69482421875
3,4030.602294921875,0.001,6960.06201171875
4,3895.672607421875,0.001,7523.2080078125
5,3559.6005859375,0.001,8025.54833984375
6,3323.26416015625,0.00090000004,9080.2900390625
