epoch,loss,lr,val_loss
0,8516.4873046875,0.001,5231.51171875
1,1883.6488037109375,0.001,2418.619873046875
2,1415.401611328125,0.001,2265.443603515625
3,1193.4755859375,0.001,2016.79541015625
