epoch,loss,val_loss
0,721.02685546875,2089.76220703125
